caucus_name,name,district,photo_url,website
Unmanned Systems Caucus,Rob Bishop,UT-1,/images/members/bishop.jpg,http://bishop.house.gov
Unmanned Systems Caucus,Anne Marie Buerkle,NY-25,/images/members/buerkle.jpg,http://buerkle.house.gov
Unmanned Systems Caucus,Robert Brady,PA-1,/images/members/brady.jpg,http://www.brady.house.gov
Unmanned Systems Caucus,Mo Brooks,AL-5,/images/members/Brooks.jpg,http://brooks.house.gov
Unmanned Systems Caucus,Madeleine Bordallo,Guam,/images/members/bordallo.jpg,http://www.house.gov/bordallo
Unmanned Systems Caucus,Larry Bucshon,IN-6,/images/members/Bucshon.jpg,http://bucshon.house.gov
Unmanned Systems Caucus,Ken Calvert,CA-44,/images/members/calvert.jpg,http://calvert.house.gov
Unmanned Systems Caucus,Tom Cole,OK-4,/images/members/cole.jpg,http://cole.house.gov
Unmanned Systems Caucus,Mike Conaway,TX-11,/images/members/conaway.jpg,http://conaway.house.gov
Unmanned Systems Caucus,Gerald Connolly,VA-11,/images/members/connolly.jpg,http://connolly.house.gov
Unmanned Systems Caucus,Joe Courtney,CT-2,/images/members/courtney.jpg,http://courtney.house.gov
Unmanned Systems Caucus,Kevin Cramer,ND-At Large,/images/members/cramer.jpg,http://cramer.house.gov
Unmanned Systems Caucus,Ander Crenshaw,FL-4,/images/members/crenshaw.jpg,http://crenshaw.house.gov
Unmanned Systems Caucus,Blake Farenthold,TX-27,/images/farenthold.jpg,http://farenthold.house.gov/
Unmanned Systems Caucus,Randy J. Forbes,VA-4,/images/members/forbes.jpg,http://forbes.house.gov
Unmanned Systems Caucus,Trent Franks,AZ-2,/images/members/franks.jpg,http://www.franks.house.gov/
Unmanned Systems Caucus,Paul Gosar,AZ-1,/images/members/Gosar.jpg,http://gosar.house.gov
Unmanned Systems Caucus,Gene Green,TX-29,/images/members/green.jpg,http://green.house.gov
Unmanned Systems Caucus,Colleen Hanabusa,HI-1,/images/members/hanabusa.jpg,http://hanabusa.house.gov
Unmanned Systems Caucus,Richard Hanna,NY-24,/images/members/HannaR.jpg,http://hanna.house.gov
Unmanned Systems Caucus,Andy Harris,NY-24,/images/AndyHarris.jpg,http://harris.house.gov/
Unmanned Systems Caucus,Vicky Hartzler,MO-4,/images/members/hartzler.jpg,http://hartzler.house.gov
Unmanned Systems Caucus,Joe Heck,NV-3,/images/members/heck.jpg,http://heck.house.gov
Unmanned Systems Caucus,Duncan Hunter,CA-52,/images/members/hunter.jpg,http://hunter.house.gov
Unmanned Systems Caucus,Darrell Issa,CA-49,/images/members/issa.jpg,http://issa.house.gov
Unmanned Systems Caucus,Lynn Jenkins,KS-2,/images/members/jenkins.jpg,http://jenkins.house.gov
Unmanned Systems Caucus,William Keating,MA10,http://unmannedsystemscaucus.mckeon.house.gov/images/keating-sm.png,http://keating.house.gov/
Unmanned Systems Caucus,Doug Lamborn,CO-5,/images/members/lamborn.jpg,http://lamborn.house.gov
Unmanned Systems Caucus,Frank LoBiondo,NJ-2,/images/members/lobiondo.jpg,http://www.house.gov/lobiondo/
Unmanned Systems Caucus,Frank Lucas,OK-03,/images/members/Lucas.jpg,http://lucas.house.gov
Unmanned Systems Caucus,Kevin McCarthy,CA-22,/images/members/mccarthy.jpg,http://mccarthy.house.gov
Unmanned Systems Caucus,Candice Miller,MI-10,/images/members/miller.jpg,http://candicemiller.house.gov
Unmanned Systems Caucus,Kristi Noem,SD-At Large,http://unmannedsystemscaucus.mckeon.house.gov/Kristi_Noem_portrait.jpg,http://noem.house.gov/
Unmanned Systems Caucus,Pete Olson,TX-22,/images/members/olson.jpg,http://olson.house.gov
Unmanned Systems Caucus,Steven Palazzo,MS-04,/images/members/Palazzo.jpg,http://palazzo.house.gov
Unmanned Systems Caucus,Steve Pearce,NM-02,/images/pearce.jpg,http://pearce.house.gov/
Unmanned Systems Caucus,Mike Pompeo,KS-4,/images/members/pompeo.jpg,http://pompeo.house.gov
Unmanned Systems Caucus,Scott Rigell,VA-4,/images/members/rigell.jpg,http://rigell.house.gov/
Unmanned Systems Caucus,Dana Rohrabacher,CA-46,/images/members/rohrabacher.jpg,http://rohrabacher.house.gov
Unmanned Systems Caucus,Thomas Rooney,FL-16,/images/members/rooney.jpg,http://rooney.house.gov
Unmanned Systems Caucus,Loretta Sanchez,CA-47,/images/members/sanchez.jpg,http://lorettasanchez.house.gov
Unmanned Systems Caucus,Rep Mike Simpson,ID-2,/images/simpson.jpg,http://simpson.house.gov/
Unmanned Systems Caucus,David Schweikert,AZ-6,/images/members/schweikert.jpg,http://schweikert.house.gov/
Unmanned Systems Caucus,Michael R. Turner,OH-3,/images/members/turner.jpg,http://turner.house.gov
Unmanned Systems Caucus,Joe Wilson,SC-2,/images/members/wilson.jpg,http://joewilson.house.gov
Unmanned Systems Caucus,Robert J. Wittman,VA-1,/images/members/wittman.jpg,http://wittman.house.gov
Unmanned Systems Caucus,Don Young,AK-At Large,/images/members/young.jpg,http://donyoung.house.gov
